Security Id,Security Code
ABB,500002
AEGISLOG,500003
AMARAJABAT,500008
AMBALALSA,500009
HDFC,500010
ANDHRAPET,500012
ANSALAPI,500013
UTIQUE,500014
ARUNAHTEL,500016
BOMDYEING,500020
ASIANHOTNR,500023
ATUL,500027
ATVPR,500028
BAJAJELEC,500031
BAJAJHIND,500032
FORCEMOT,500033
BAJFINANCE,500034
BALRAMCHIN,500038
BANCOINDIA,500039
CENTURYTEX,500040
BANARISUG,500041
BASF,500042
BATAINDIA,500043
BEML,500048
BEL,500049
BEPL,500052
BIHSPONG,500058
BIRLACABLE,500060
BLUESTARCO,500067
DISAQ,500068
BNKCAP,500069
BPL,500074
OAL,500078
CENTEXT,500083
CESC,500084
CHAMBLFERT,500085
EXIDEIND,500086
CIPLA,500087
DICIND,500089
CRISIL,500092
CGPOWER,500093
DABUR,500096
DALMIASUG,500097
ARVIND,500101
BHEL,500103
HINDPETRO,500104
IFCI,500106
MTNL,500108
MRPL,500109
CHENNPETRO,500110
RELCAPITAL,500111
SBIN,500112
SAIL,500113
TITAN,500114
IDBI,500116
DCW,500117
DHAMPURSUG,500119
DIAMINESQ,500120
ELANTAS,500123
DRREDDY,500124
EIDPARRY,500125
PGHL,500126
ELECTCAST,500128
ESABINDIA,500133
EPL,500135
ESTER,500136
FGP,500142
PHCAP,500143
FINCABLES,500144
COCKERILL,500147
UFLEX,500148
FOSECOIND,500150
GOLDENTOBC,500151
GANESHBE,500153
METROGLOBL,500159
GTL,500160
GODFRYPHLP,500163
GODREJIND,500164
KANSAINER,500165
GOODRICKE,500166
GOODYEAR,500168
GTNINDS,500170
GHCL,500171
GFLLIMITED,500173
HCL-INSYS,500179
HDFCBANK,500180
HEROMOTOCO,500182
HFCL,500183
HSCL,500184
HCC,500185
HINDOILEXP,500186
HSIL,500187
HINDZINC,500188
NXTDIGITAL,500189
HMT,500191
PRAGBOS,500192
HLVLTD,500193
IGPL,500199
INDIAGLYCO,500201
INDLEASE,500202
MARGOFIN,500206
INDORAMA,500207
INFY,500209
INGERRAND,500210
INSILCO,500211
ITHL,500213
IONEXCHANG,500214
ATFL,500215
JISLJALEQS,500219
JASCH,500220
JCTLTD,500223
JINDALPOLY,500227
JSWSTEEL,500228
UMANGDAIR,500231
KAJARIACER,500233
KAKATCEM,500234
KSL,500235
KANELIND,500236
WHIRLPOOL,500238
KGDENIM,500239
KINETICENG,500240
KIRLOSBROS,500241
KIRLOSIND,500243
KIRLFER,500245
ENVAIREL,500246
KOTAKBANK,500247
KRIFILIND,500248
KSB,500249
LGBBROSLTD,500250
TRENT,500251
LAXMIMACH,500252
LICHSGFIN,500253
LUPIN,500257
LYKALABS,500259
RAMCOCEM,500260
MAFATIND,500264
MAHSEAMLES,500265
MAHSCOOTER,500266
MAJESAUT,500267
MANALIPETC,500268
MFSL,500271
MIDINDIA,500277
MIRCELECTR,500279
CENTENKA,500280
LORDSCHLO,500284
SPICEJET,500285
MOREPENLAB,500288
MRF,500290
HEIDELBERG,500292
NCC,500294
VEDL,500295
NAHARSPING,500296
NATPEROX,500298
GRASIM,500300
PEL,500302
NIITLTD,500304
JAYKAY,500306
NIRLON,500307
ONGC,500312
OILCOUNTUB,500313
ORIENTHOT,500314
OSWALAGRO,500317
INDSUCR,500319
RELIANCE,500325
PILITA,500327
RAYMOND,500330
PIDILITIND,500331
PIXTRANS,500333
BIRLACORPN,500335
SURYAROSNI,500336
PRIMESECU,500337
PRSMJOHNSN,500338
RAIN,500339
AMJLAND,500343
PUNJCOMMU,500346
RSWM,500350
RAJSREESUG,500354
RALLIS,500355
RAMANEWS,500356
RAPICUT,500360
WELSPLSOL,500365
ROLTA,500366
RUBFILA,500367
RUCHISOYA,500368
SALORAINTL,500370
JINDALSAW,500378
JKLAKSHMI,500380
SHREECEM,500387
SKPMIL,500388
RELINFRA,500390
TATAPOWER,500400
SPMLINFRA,500402
SUNDRMFAST,500403
SUNFLAG,500404
SUPPETRO,500405
SWARAJENG,500407
TATAELXSI,500408
ACC,500410
THERMAX,500411
TIRUMALCHM,500412
THOMASCOOK,500413
TIMEX,500414
TOKYOPLAST,500418
TORNTPHARM,500420
TRANSCHEM,500422
AMBUJACEM,500425
UTLINDS,500426
UNIPHOS,500429
VHL,500439
HINDALCO,500440
WSTCSTPAPR,500444
HOCL,500449
MPILCORPL,500450
PASUPTAC,500456
KORE,500458
PGHH,500459
MUKANDLTD,500460
BBOX,500463
UCALFUEL,500464
HARRMALAYA,500467
FEDERALBNK,500469
TATASTEEL,500470
SKFINDIA,500472
ASHOKLEY,500477
CUMMINSIND,500480
TATACOMM,500483
ABBOTINDIA,500488
BAJAJHLDNG,500490
BHARATFORG,500493
ESCORTS,500495
HINDMOTORS,500500
LT,500510
M&M,500520
BOSCHLTD,500530
PREMIER,500540
BPCL,500547
SIEMENS,500550
TATAMOTORS,500570
VOLTAS,500575
GESHIP,500620
DEEPAKFERT,500645
EXCELINDUS,500650
GRWRHITECH,500655
GLAXO,500660
GNFC,500670
NOVARTIND,500672
SANOFI,500674
PFIZER,500680
GSFC,500690
HINDUNILVR,500696
AKZOINDIA,500710
NOCIL,500730
TATACHEM,500770
TNPETRO,500777
ZUARIGLOB,500780
NESTLEIND,500790
TATACONSUM,500800
ASIANPAINT,500820
BRITANNIA,500825
COLPAL,500830
EIHOTEL,500840
INDHOTEL,500850
CASTROLIND,500870
ITC,500875
APOLLOTYRE,500877
CEATLTD,500878
MODIRUBBER,500890
FINOLEXIND,500940
SUNRINV,501110
ZGOLDINV,501111
PEOPLIN,501144
DSINVEST,501148
CENTRUM,501150
KARTKIN,501151
TCIFINANCE,501242
KRATOSENER,501261
ANTARIKSH,501270
IITL,501295
INDPRUD,501298
TATAINVEST,501301
JAYBHCR,501311
PRISMX,501314
MOTOGENFIN,501343
RAPIDIN,501351
WALCHPF,501370
ZSWASTSA,501386
WHBRADY,501391
TECHNVISN,501421
SHAILY,501423
BBTC,501425
BOMBCYC,501430
GREAVESCOT,501455
MULLER,501477
AMALGAM,501622
ANANDPROJ,501630
INDIANVSH,501700
COASTCORP,501831
CHOWGULSTM,501833
GLOBOFFS,501848
ASIIL,502015
SAGCEM,502090
DECCANCE,502137
MANGLMCEM,502157
NCLIND,502168
SAURASHCEM,502175
SHREDIGCEM,502180
BORORENEW,502219
LERTHAI,502250
RASSIREF,502271
TRIVENIGQ,502281
NILACHAL,502294
ANDHRAPAP,502330
BALKRISIND,502355
ORIENTPPR,502420
CITADEL,502445
ROLLT,502448
SESHAPAPER,502450
SOLIDCO,502460
NATHIND,502587
VAPIPPR,502589
SINTEX,502742
DCM,502820
ZGAEKWAR,502850
FORBESCO,502865
HPCOTTON,502873
UNITEDINT,502893
KATRSPG,502933
KESORAMIND,502937
LAKSHMIMIL,502958
VTL,502986
PENINLAND,503031
PASUSPG,503092
PHOENIXLTD,503100
MARATHON,503101
RAJABAH,503127
RELCHEMQ,503162
RUBYMILLS,503169
SIMPLXREA,503229
SWANENERGY,503310
VICTMILL,503349
ZSVTRADI,503622
ZSVARAJT,503624
SALSAIN,503635
INDSOYA,503639
ZODIACVEN,503641
VEERENRGY,503657
SW1,503659
TILAK,503663
KKFIN,503669
UNIJOLL,503671
WAGEND,503675
ELCIDIN,503681
HEALINV,503689
SAHARA,503691
SHRENTI,503696
BANSWRAS,503722
MODWOOL,503772
MODIPON,503776
SHRIDINE,503804
SRF,503806
SIYSIL,503811
SWADPOL,503816
SHRAJSYNQ,503837
ZSATYASL,503893
BBL,503960
ELPROINTL,504000
GEE,504028
HIRECT,504036
NIPPOBATRY,504058
ZENSARTECH,504067
JYOTI,504076
JSLINDL,504080
KAYCEEI,504084
INDOKEM,504092
PANAENERG,504093
NELCO,504112
PERMAGN,504132
HIGHENE,504176
STDBAT,504180
UNIVCABLES,504212
DLTNCBL,504240
LAKSELEC,504258
MODULEX,504273
DELTAMAGNT,504286
CONFINT,504340
RELTD,504341
GDTRAGN,504346
ZMULTIPU,504356
RIDHISYN,504365
SOFTBPO,504375
NYSSACORP,504378
FLOMIC,504380
KRISHNA,504392
GANHOLD,504397
UNIABEXAL,504605
SARDAEN,504614
BGWTATO,504646
BOMBWIR,504648
GALADA,504697
IBRIGST,504731
INDIANHUME,504741
INLCM,504746
INVPRECQ,504786
INFORTEC,504810
KAIRA,504840
ORIENTABRA,504879
NATIONSTD,504882
DUNCANENG,504908
SANDUMA,504918
STOVACQ,504959
TATAYODOGA,504961
TINPLATE,504966
CHOLAHLDNG,504973
ZWELCAST,504988
WMINIMT,504998
AUTOAXLES,505010
ACGL,505036
SETCO,505075
INRADIA,505100
SCOOTER,505141
TALBROAUTO,505160
ZFSTEERING,505163
SMLISUZU,505192
TIL,505196
EICHERMOT,505200
JAINEX,505212
ALFREDHE,505216
VELJAN,505232
DYNAMATECH,505242
GGDANDE,505250
GMM,505255
KIRLPNU,505283
TULIVE,505285
KPT,505299
LXMIATO,505302
LYNMC,505320
MANUGRAPH,505324
MIRCH,505336
NESCO,505355
INTEGRAEN,505358
REVATHI,505368
TEXINFRA,505400
WENDT,505412
SINDUVA,505504
RESPONIND,505509
SHYMINV,505515
MAHACORP,505523
DOLATALGO,505526
WESTLIFE,505533
ZEEL,505537
GOLDCORP,505576
ZKOVALIN,505585
SVPGLOB,505590
MULTIIN,505594
SKYLMILAR,505650
BIMETAL,505681
TAPARIA,505685
BHARATGEAR,505688
BRADYM,505690
LATIMMETAL,505693
ELECON,505700
DECANBRG,505703
GRAUWEIL,505710
HIMTEK,505712
GABRIEL,505714
HERCULES,505720
AQFINTECH,505725
IFBIND,505726
SINGER,505729
INTLCOMBQ,505737
FMGOETZE,505744
JOSTS,505750
SCHAEFFLER,505790
RANEHOLDIN,505800
ROLCOEN,505807
SNL,505827
JAIPAN,505840
MANCREDIT,505850
TRF,505854
WPIL,505872
KENNAMET,505890
HINDHARD,505893
TRITONV,505978
PRAKASH,506022
HVL,506024
ZPRBHSTE,506042
ARSHIYA,506074
GRINDWELL,506076
LAKPRE,506079
STANROS,506105
GENESYS,506109
ALNATRD,506120
PANKAJPIYUS,506122
PARNAXLAB,506128
VIVIDHA,506146
ISHWATR,506161
TERRAFORM,506162
APIS,506166
ZKHATAUE,506178
EMERGENT,506180
KANANIIND,506184
GCKL,506186
ZSARVAMA,506190
ASL,506194
VIKSHEN,506196
BLISSGVS,506197
INEOSSTYRO,506222
ALEMBICLTD,506235
AMNPLST,506248
ANUHPHR,506260
MODISNME,506261
BAYERCROP,506285
SASHWAT,506313
CHEMOPH,506365
CLNINDIA,506390
COROMANDEL,506395
DEEPAKNI,506401
DHARAMSI,506405
FERMENTA,506414
GOCLCORP,506480
JAYCH,506520
JLMORI,506522
KANORICHEM,506525
KELENRG,506528
KEMP,506530
NITTAGELA,506532
MPAGI,506543
ORIENTCQ,506579
PHILIPCARB,506590
AMAL,506597
POLYCHEM,506605
PUNJABCHEM,506618
GUJCMDS,506640
SADHNANIQ,506642
SUDARSCHEM,506655
ULTRAMAR,506685
TRANSPEK,506687
UNICHEMLAB,506690
MYSORPETRO,506734
ALKYLAMINE,506767
TUTIALKA,506808
ASTRAZEN,506820
PACL,506852
TANFACIND,506854
GUJPETR,506858
MASCH,506867
GUJTHEM,506879
JAYSYN,506910
MAKERSL,506919
CONTCHM,506935
JBCHEPHARM,506943
IGLFXPL-B,506945
ADVPETR-B,506947
RAJSPTR,506975
BLUECHIPT,506981
JAGAJITIND,507155
KESARENT,507180
TI,507205
EMERALL,507265
RAVALSUGAR,507300
SAKHTISUG,507315
WALCHANNAG,507410
KHODAY,507435
IFBAGRO,507438
DHARSUGAR,507442
KFBL,507474
CAPRO,507486
GMBREW,507488
RANASUG,507490
PICCASUG,507498
RIGASUG,507508
SDBL,507514
CJGEL,507515
AMRITCORP,507525
ASALCBR,507526
CORAGRO,507543
FOODSIN,507552
IVP,507580
KLRFM,507598
OLYOI,507609
MLKFOOD,507621
POLSON,507645
SAGRSOY-B,507663
WIPRO,507685
ORIBEVER,507690
DHANUKA,507717
TTKHEALTH,507747
TGVSL,507753
LIMECHM,507759
KANPRPLA,507779
TAINWALCHM,507785
JAGSNPHARM,507789
KHAICHEM,507794
UNTTEMI,507808
NOL,507813
GILLETTE,507815
WIREFABR,507817
ANSALHSG,507828
MCCHRLS-B,507836
ADDIND,507852
PIONRINV,507864
ASHNOOR,507872
UNITECH,507878
VIPIND,507880
SCHABLON,507894
FIBERWEB,507910
LKPFIN,507912
EASTBUILD,507917
MNPLFIN,507938
BAJAJST,507944
KIDUJA,507946
KEYCORP,507948
SHIKHARLETR,507952
GUJHOTE,507960
RAJATH,507962
RASRESOR,507966
PARMCOS-B,507970
JINDHOT,507981
JPTRLES,507987
SIMMOND,507998
BNALTD,508136
LEDOTEA,508306
HAWKINCOOK,508486
WARRENTEA,508494
BESTEAST,508664
NEAGI,508670
ISTLTD,508807
COSMOFILMS,508814
NEWMKTADV,508867
APOLLOHOSP,508869
NITINCAST,508875
SMIFS,508905
EVERESTIND,508906
IRONWOOD,508918
MSRINDIA,508922
NORTHPR,508924
JOYREALTY,508929
AYMSYNTEX,508933
PANCARBON,508941
FINKURVE,508954
HBLEAS,508956
SHRICON,508961
STRLGUA,508963
SULABEN,508969
NAVNETEDUL,508989
KEDIACN,508993
TRANOCE,509003
AUSOMENT,509009
RUCHINFRA,509020
VJTFEDU,509026
VOLLF,509038
NETLINK,509040
ZLEENCON,509046
LANCORHOL,509048
INDINFO,509051
BANASFN,509053
VISAKAIND,509055
HATHWAYB,509073
PRESSMN,509077
GUFICBIO,509079
PHOTON,509084
OSWALEA,509099
GRPLTD,509152
INDAG,509162
MMRUBBR-B,509196
PTL,509220
TVSSRICHAK,509243
SEL,509423
BENARAS,509438
BHAGWOX,509449
BOMOXY-B1,509470
CRAVATEX,509472
BERGEPAINT,509480
CAPRIHANS,509486
GRAPHITE,509488
ITDCEM,509496
EMPIND,509525
GRAVISSHO,509546
GARFIBRES,509557
GARWAMAR,509563
GOACARBON,509567
HARDCAS,509597
HEG,509631
HINDCOMPOS,509635
ZHINDHSG,509650
HIL,509675
INDIANCARD,509692
INTLCONV,509709
JAYSHREETEA,509715
MODRNSH,509760
OSEASPR,509782
HUHTAMAKI,509820
PREMSYN,509835
RJSHAH,509845
SHAHCON,509870
SHALPAINTS,509874
SINNAR,509887
HINDMILL,509895
ZSOUTGAS,509910
TECHCON,509917
SUPREMEIND,509930
THACKER,509945
VSTIND,509966
SWASTIVI,510245
MADHUSE,511000
YAMNINV,511012
PREMCAP,511016
ZMILGFIN,511018
JINDRILL,511034
KUSUMEL,511048
JUMBFNL,511060
SAKTHIFIN,511066
EASYFIN,511074
SATINDLTD,511076
TVOLCON,511096
SHIVTEX,511108
VBDESAI,511110
1STCUS,511122
KAMANWALA,511131
WSFIN,511147
REMITR,511149
ANJANIFOODS,511153
RKDAGRRTL,511169
PARSHWANA,511176
SURYAKR,511185
MILLENNIUM,511187
ICDSLTD,511194
CANFINHOME,511196
MUNCAPM,511200
IVC,511208
SRTRANSFIN,511218
CHOLAFIN,511243
SAGARSYST,511254
IDINFO,511260
VLSFINANCE,511333
INDCEMCAP,511355
ADMANUM,511359
MEHIF,511377
INTRGLB,511391
MCLTD,511401
SHRISTI,511411
CREST,511413
VAKRANGEE,511431
GUJCRED,511441
SYLPH,511447
DHARFIN,511451
ALEXANDER,511463
INDBANK,511473
BHARAT,511501
CAPITALT,511505
USHAKIRA,511507
VIVOBIOT,511509
VEERHEALTH,511523
PANINDIAC,511525
SAHARAHOUS,511533
NDASEC,511535
SUPRATRE,511539
GSBFIN,511543
MORARKFI,511549
MONARCH,511551
PROFINC,511557
TIMESGTY,511559
SODFC,511571
REGTRUS,511585
AVONMORE,511589
LIBORDFIN,511593
YASHMGM,511601
ARIHCAPM,511605
ISLCONSUL,511609
DCMFINSERV,511611
IMCAP,511628
SAMBHAAV,511630
DUGARHOU,511634
SUGALDAM,511654
NETTLINX,511658
SCANSTL,511672
GICHSGFIN,511676
MATHEWE,511688
AJCON,511692
CHRTEDCA,511696
STANCAP,511700
PARSHINV,511702
CUBIFIN,511710
RELICTEC,511712
NIMBSPROJ,511714
BALFC,511724
VIPUL,511726
KZLFIN,511728
USHDI,511736
MEHSECU,511738
UGROCAP,511742
SAHLIBHFI,511754
MANSIFIN,511758
UPASAFN,511764
MUTHTFN,511766
MASTERTR,511768
ZNILKENG,512004
AMANITRA,512008
TEATIME,512011
SOBME,512014
CNIRESLTD,512018
ZSARACOM,512020
WINROC,512022
NDMETAL,512024
INERTIAST,512025
PHTRADING,512026
KAPILCO,512036
ASWTR,512038
ROYALIND,512047
LUHARUKA,512048
SHYAM,512060
ZSANMCOM,512062
AYOME,512063
VISVEN,512064
MRUTR,512065
DECNGOLD,512068
UPL,512070
ANSHNCO,512091
CRANESSOFT,512093
PUNITCO,512099
TRIPR,512101
NIDHGRN,512103
AVIVA,512109
TWIROST,512117
SIGNETIND,512131
MLINDLTD,512153
TERRAREAL,512157
SECURKLOUD,512161
ABANSENT,512165
CAPRICORN,512169
VAMA,512175
SUNTECK,512179
BENTCOM,512195
SILVERO,512197
CLASELE,512213
STEPHANOTIS,512215
PRISMMEDI,512217
SPVGLOBAL,512221
VERITAS,512229
JAICORPLTD,512237
ZNIVITRD,512245
ASHCAP,512247
SVARTCORP,512257
BAJGLOB,512261
MMWL,512267
TASHIND,512271
AUTOINT,512277
NNTL,512279
ZSPEEDCO,512291
BHAGYNAGAR,512296
SHANTAI,512297
CHMBBRW,512301
ZMANSOON,512303
KRL,512329
MAHSHRE,512337
CESL,512341
ARAVALIS,512344
YASTF,512345
SWORDEDGE,512359
ZSHERAPR,512367
MAGANTR,512377
CRESSAN,512379
STARTECK,512381
SHARDUL,512393
KAPASHI,512399
BENGALS,512404
UNIWSEC,512408
MERCTRD,512415
NIRAVCOM,512425
ASUTENT,512433
APOLLOFI,512437
GANONPRO,512443
DEVITRD,512445
SHRJAGP,512453
LLOYDSME,512455
PUNCTRD,512461
SHRGLTR,512463
BETXIND,512477
GYTRIPA,512479
POLYTEX,512481
DHANCOT,512485
OASISEC,512489
GARNETINT,512493
SHALPRO,512499
VARUNME,512511
DONEAR,512519
NEPTEXP,512522
SUPER,512527
SEQUENT,512529
STCINDIA,512531
ZENITHEXPO,512553
AVANTI,512573
ZODJRDMKJ,512587
SITAENT,512589
PULSRIN,512591
UNIMOVR,512595
KEYFINSER,512597
ADANIENT,512599
MACINTR,512600
HARIAEXPO,512604
BHANDHOS,512608
RLF,512618
REGENTRP,512624
ORBTEXP,512626
SAVERA,512634
VBCFERROQ,513005
TATASTLLP,513010
NBVENTURES,513023
ZHINUDYP,513039
REMIEDEL,513043
GSAUTO,513059
TRANSFRE,513063
SHBCLQ,513097
GANDHITUBE,513108
AMFORG,513117
ORICON,513121
ACROW,513149
STLSTRINF,513173
NATNLSTEEL,513179
UTTAMSTL,513216
PENIND,513228
JYOTISTRUC,513250
JAYUSH,513252
SSWL,513262
MANINDS,513269
IMEC,513295
MDRNSTL,513303
TERRASCOPE,513305
SYNTHFO,513307
GOLKONDA,513309
METALFORGE,513335
GRANDFONRY,513343
AJMERA,513349
COCHINM,513353
ISWL,513361
RJKMRFR,513369
CARBORUNIV,513375
MMTC,513377
VALLABHSQ,513397
ASHIS,513401
SMFIL,513418
BLOIN,513422
MAITRI,513430
TATAMETALI,513434
SHAHALLOYS,513436
JSWISPL,513446
ELANGO,513452
KANSHST,513456
MAHALXSE,513460
SIMPLEXCAS,513472
SSWRL,513488
MEWATZI,513496
SOUTHMG,513498
BAROEXT,513502
GUJCONT,513507
KALYANIFRG,513509
PANCHMAHQ,513511
ADITYA,513513
SRIND,513515
STEELCAS,513517
PITTIENG,513519
GLITTEKG,513528
PRADPME,513532
GNRL,513536
TNSTLTU,513540
SHRDAIS,513548
MAHASTEEL,513554
HINDCOPPER,513599
SRIPIPES,513605
AXELPOLY,513642
NLCINDIA,513683
SPECTRA,513687
KAJARIR,513693
SOLIDSTON,513699
SHILGRAVQ,513709
WHITEORG,513713
MFSINTRCRP,513721
AROGRANITE,513729
HIMFIBP,514010
DEEPAKSP,514030
JBFIND,514034
LOYALTEX,514036
HIMATSEIDE,514043
BSL,514045
EVERTEX,514060
PBMPOLY,514087
ADINATH,514113
SURYALA,514138
SURYVANSP,514140
TTL,514142
WELSPUNIND,514162
INDIANACRY,514165
GANECOS,514167
CEETAIN,514171
VARDMNPOLY,514175
BLACKROSE,514183
STCORP,514197
SUMEETINDS,514211
BINNY,514215
RAMGOPOLY,514223
SANGAMIND,514234
TTLEL,514236
IKAB,514238
SRECR,514248
SURBHIN,514260
SEASONST,514264
ZENIFIB,514266
BHILSPIN,514272
AARVEEDEN,514274
SANTETX,514280
ASHIMASYN,514286
PIONEEREMB,514300
VIPPYSP,514302
JAIHINDS,514312
RAGHUSYN,514316
JATTAINDUS,514318
KAMADGIRI,514322
PATSPINLTD,514326
ONEGLOBAL,514330
NEOINFRA,514332
GENESIS,514336
PREMIERPOL,514354
EVERLON,514358
KRRAIL,514360
YARNSYN,514378
AJIL,514394
GARWSYN,514400
SHARDFI,514402
SARUPINDUS,514412
MANORG,514418
HINDADH,514428
BPTEX,514440
SRIKPRIND,514442
JYOTIRES,514448
MHLXMIRU,514450
SOUTLAT,514454
OSWAYRN,514460
WINSOMTX,514470
ASAHIIND,514482
MODINSU,515008
ASAHIINDIA,515030
MURUDCERA,515037
SAINTGOBAIN,515043
ANANTRAJ,515055
MADHUDIN,515059
MADHAV,515093
RAMASIGNS,515127
HINDNATGLS,515145
HALDYNGL,515147
DUROPLY,516003
SHREYANIND,516016
STARPAPER,516022
YASHPAKKA,516030
SARDAPPR,516032
NATPLY,516062
ARROWGREEN,516064
VISHNU,516072
JUMBO,516078
NRAGRINDQ,516082
3PLAND,516092
SANPA,516096
VENTURA,516098
SHKARTP,516106
STHINPA,516108
SCANDENT,516110
VINDHYATEL,517015
RIR,517035
ADORWELD,517041
IDM,517044
SALZER,517059
JETKINGQ,517063
INDAGIV,517077
APLAB,517096
PCS,517119
USHAMART,517146
SPELS,517166
SUBROS,517168
PERVASIVE,517172
HONAUT,517174
SWITCHTE,517201
LUMAXIND,517206
DIGISPICE,517214
CALCOM,517236
DYNAVSN,517238
BCCFUBA,517246
PRECISIO,517258
FINELINE,517264
HBLPOWER,517271
S&SPOWER,517273
GUJARATPOLY,517288
GIPCL,517300
CMI,517330
MOTHERSUMI,517334
MINDTECK,517344
HAVELLS,517354
ACIIN,517356
SBECSYS,517360
INCAP,517370
GUJINTRX,517372
IGARASHI,517380
SYMPHONY,517385
PANELEC,517397
LEENEE,517415
PATELSAI,517417
BUTTERFLY,517421
ATHENAGLO,517429
DUTRON,517437
RSSOFTWARE,517447
MAGNAELQ,517449
MARSONS,517467
ELNET,517477
ACCEL,517494
WEBELSOLAR,517498
ROTO,517500
TTKPRESTIG,517506
DHINDIA,517514
RAJGLOWIR,517522
SURANAT&P,517530
ONWARDTEC,517536
CENTUM,517544
ALFATRAN,517546
STARLITE,517548
NHCFOODS,517554
PVP,517556
TRIGYN,517562
KEI,517569
INDLMETER,517571
KEERTHI,518011
GSCLCEMENT,518029
SURAJ,518075
APCL,518091
MODINATUR,519003
PRSNTIN,519014
SHAHFOOD,519031
ZKHANDEN,519064
TASTYBIT,519091
RITESHIN,519097
AVTNPL,519105
HNDFDS,519126
NAHARINDUS,519136
VADILENT,519152
VADILALIND,519156
ASHAI,519174
ADFFOODS,519183
RGRL,519191
AJANTSOY,519216
WILLAMAGOR,519224
RICHIRICH,519230
SIEL,519234
SRDAPRT,519242
SANWARIA,519260
PRIMAGR,519262
MADHURIND,519279
TARAI,519285
MODAIRY,519287
BAMBINO,519295
PRIMIND,519299
VIKASWSP,519307
VSFPROJ,519331
BANSTEA,519353
POONADAL,519359
TRANSFD,519367
ANIKINDS,519383
SHINDL,519397
DATIWARE,519413
KMGMILK,519415
KSE,519421
PIONAGR,519439
NARBADA,519455
VIRATCRA,519457
AMBARPIL,519471
CHORDIA,519475
CIANAGRO,519477
TAIIND,519483
NKIND,519494
BKV,519500
NCCBLUE,519506
ASIANTNE,519532
HERITGFOOD,519552
SIMRAN,519566
DFM,519588
CCL,519600
KELLTONTEC,519602
SURFI,519604
INTEGFD,519606
MAHAANF,519612
RICOAUTO,520008
OMAXAUTO,520021
MUNJALSHOW,520043
JAMNAAUTO,520051
SUNCLAYLTD,520056
JTEKTINDIA,520057
MUNJALAU,520059
JAYBARMARU,520066
RACLGEAR,520073
SAMKRG,520075
ECSTSTL,520081
SICAL,520086
RATNAMANI,520111
VESUVIUS,520113
ASAL,520119
ARCEEIN,520121
ABCINDQ,520123
BALTE,520127
COARO,520131
SIBARAUT,520141
SHREYAS,520151
STARLOG,520155
SHVSUIT,521003
ICIL,521016
MARALOVER,521018
ADVLIFE,521048
TRIDENT,521064
HISARSP,521068
ALOKTEXT,521070
PASARI,521080
SPENTEX,521082
AMARJOTHI,521097
OLYMPTX,521105
NAGREEKEXP,521109
SUDTIND-B,521113
SBFL,521131
GEMSPIN,521133
EUREKAI,521137
ADITYASP,521141
DHANFAB,521151
SLSTLQ,521161
ZODIACLOTH,521163
SRMCL,521178
SUPERSPIN,521180
UNITEDTE,521188
SILINV,521194
SURYALAXMI,521200
SAMTEX,521206
DHANROTO,521216
DAMOINDUS,521220
SANBLUE,521222
UNIROYAL,521226
TATIAGLOB,521228
SUNILTX,521232
SRINACHA,521234
SAMBANDAM,521240
KANDAGIRI,521242
KITEX,521248
CRANEX,522001
BATLIBOI,522004
AUSTENG,522005
UNIDT,522014
FLUIDOM,522017
EMAINDIA,522027
WINDMACHIN,522029
SHANTIGEAR,522034
MIVENMACH,522036
HONDAPOWER,522064
HITECHGEAR,522073
ELGIEQUIP,522074
UVDRHOR,522091
KLBRENG-B,522101
BIRLAPREC,522105
YUKEN,522108
TIMKEN,522113
VOITHPAPR,522122
SOLIMAC,522152
INDSILHYD,522165
TMTIND-B1,522171
ITL,522183
FRONTSP,522195
PRAJIND,522205
RASANDIK,522207
YOGISUNG,522209
HLEGLAS,522215
GUJAPOLLO,522217
TANAA,522229
CONART,522231
SHIVAGR,522237
MMFL,522241
IYKOTHITE,522245
MAYURUNIQ,522249
CENLUB,522251
RAJOOENG,522257
JMCPROJECT,522263
VJLAXMIE,522267
AHMDSTE,522273
GET&D,522275
RAMRAT,522281
JAYNECOIND,522285
KALPATPOWR,522287
NMSRESRC,522289
CHANDNI,522292
TIGLOB,522294
CONTROLPR,522295
BEMHY,522650
ANSALBU,523007
WEIZMANIND,523011
BNRSEC,523019
RISHITECH,523021
SINCLAIR,523023
SAFARIND,523025
ZBINTXPP,523054
JJFINCOR,523062
COSMOFE,523100
FUTURSEC,523113
SANCTRN,523116
ADORMUL,523120
EIHAHOTELS,523127
MEDICAPQ,523144
OTCO,523151
MORGANITE,523160
SIPIND,523164
BAPACK,523186
ABAN,523204
KOKUYOCMLN,523207
BHARATSE,523229
CONTPTR,523232
NBFOOT,523242
MACPLASQ,523248
PEARLPOLY,523260
VENKYS,523261
ADVANIHOTR,523269
GVFILM,523277
SUPERHOUSE,523283
RAMAVISION,523289
TCPLPACK,523301
PURITY,523315
BALMLAWRIE,523319
KOVAI,523323
ELDEHSG,523329
MICROSE,523343
STDSHOE,523351
DCMSHRIRAM,523367
DCMSRMIND,523369
MAWANASUG,523371
MINID,523373
MAHAPEXLTD,523384
NILKAMAL,523385
NAHARPOLY,523391
3MINDIA,523395
JCHAC,523398
JMFINANCIL,523405
ADCINDIA,523411
TNTELE,523419
SUNRAJDI,523425
RIIL,523445
SHARP,523449
LINDEINDIA,523457
INDBNK,523465
JAIMATAG,523467
LOTUSCHO,523475
PACIFICI,523483
CMMHOSP,523489
UNIOFFICE,523519
APMIN,523537
PRECWIRE,523539
KRYPTONQ,523550
SWISSMLTRY,523558
MARBU,523566
FEL,523574
INDTONER,523586
KUNSTOFF,523594
SCI,523598
SIKA,523606
ITI,523610
DREDGECORP,523618
PHRMASI,523620
PODDAR,523628
NFL,523630
IPRINGLTD,523638
PIIND,523642
PLASTIBLEN,523648
REDEXPR,523650
KKPLASTICK,523652
WATERBASE,523660
FLEXFO,523672
GOLKUNDIA,523676
APCOTEXIND,523694
FORTISMLR,523696
MASTEK,523704
EIMCOELECO,523708
SAYAJIHOTL,523710
ASHIANA,523716
SVAMSOF,523722
ECOBOAR,523732
DVL,523736
IOSYSTEM,523752
MAHEPC,523754
SREINFRA,523756
MITSHI,523782
SHUKJEW,523790
MAZDALTD,523792
VICEROY,523796
SOVERDIA,523826
MENONBE,523828
MUKATPIP,523832
GUJRAFIA,523836
SIMPLEXINF,523838
INNOVTEC,523840
SUPTANERY,523842
AXTEL,523850
PIFL,523862
VRWODAR,523888
APIL,523896
POONAWALLA,524000
HINFLUR,524013
KINGFA,524019
RAMAPHO,524037
POLYPLEX,524051
ALBERTDA,524075
HARLETH,524080
ACRYSIL,524091
KABRAEXTRU,524109
VINYLINDIA,524129
PCCOSMA,524136
TCMLMTD,524156
IOLCP,524164
VINATIORGA,524200
LACTOSE,524202
AARTIIND,524208
WANBURY,524212
RESONANCE,524218
GAEL,524226
RCF,524230
KOPRAN,524280
AIMCOPEST,524288
GUJTERC,524314
SEYAIND,524324
JAYAGROGN,524330
BCLIL,524332
SHHARICH,524336
INDOBORAX,524342
AARTIDRUGS,524348
BODALCHEM,524370
ORCHIDPHAR,524372
VIMTALABS,524394
BIOFILCHEM,524396
ISHITADR,524400
MARKSANS,524404
UNIVSTAR,524408
AREYDRG,524412
NORRIS,524414
ASINPET,524434
CAMEXLTD,524440
EVEXIA,524444
INDOEURO,524458
SYNCOMF,524470
RIDDHI,524480
SVCIND,524488
IPCALAB,524494
KILITCH,524500
RAAJMEDI,524502
CORALAB,524506
TULASEEBIOE,524514
BACPHAR,524516
KREBSBIO,524518
KMCSHIL,524520
LAFFANSQ,524522
BHASKAGR,524534
SUKHJITS,524542
NEULANDLAB,524558
GAYATRIBI,524564
PODARPIGQ,524570
PHARMAID,524572
VIVIDIND,524576
PRIYALT,524580
TIRUSTA,524582
HEMORGANIC,524590
JDORGOCHEM,524592
ASHOKALC,524594
AKSCHEM,524598
KAMRLAB,524604
BERLDRG,524606
INDXTRA,524614
ISTRNETWK,524622
GAGAN,524624
PARKERAC,524628
SHUKRAPHAR,524632
ALUFLUOR,524634
SSORGS,524636
ARCHITORG,524640
INDOAMIN,524648
INDSWFTLTD,524652
NATCAPSUQ,524654
WELCURE,524661
BIBCL,524663
SOTL,524667
HESTERBIO,524669
KABSON,524675
BASANTGL,524687
SANDUPHQ,524703
NACLIND,524709
VISTAPH,524711
SUNPHARMA,524715
TITANBIO,524717
BIJHANS,524723
SDL,524727
JENBURPH,524731
HIKAL,524735
CAPPL,524742
FISCHER,524743
LINKPH,524748
DECIPHER,524752
EMMESSA,524768
NGLFINE,524774
EVERESTO,524790
AUROPHARMA,524804
PHYTO,524808
NATCOPHARM,524816
DYNAMIND,524818
PANAMAPET,524820
BALPHARMA,524824
BDH,524828
JAUSPOL,526001
GLOBUSCON,526025
CUBEXTUB,526027
POLYCHMP,526043
STELLANT,526071
GALXBRG,526073
SCAGRO,526081
RALEGRA,526095
UNRYLMA,526113
KARANWO,526115
SHERVANI,526117
ARHNTTO,526125
SUPERTEX,526133
SHETR,526137
TRABI,526139
MPL,526143
NIKHILAD,526159
SPENTA,526161
MULTIBASE,526169
ANDREWYU,526173
LUDLOWJUT,526179
ASHRAM,526187
ROYALCU,526193
NOGMIND,526195
SURJIND,526211
HITECHCORP,526217
BLOOM,526225
FILATEX,526227
STDSFAC,526231
MERCATOR,526235
MORGAN,526237
AMRAPLIN,526241
PREMEXPLQ,526247
MIDEASTP,526251
MOLDTEK,526263
CRSTCHM,526269
MPHASIS,526299
MEDINOV,526301
DIVSHKT,526315
ORIENTLTD,526325
SHREYASI,526335
PANJON,526345
PARTIND,526349
DUROPACK,526355
SWARNSAR,526365
GANESHHOUC,526367
NMDC,526371
CINDHO,526373
PATINTLOG,526381
ALPHAGEO,526397
RPIL,526407
KKALPANAIND,526409
OKPLA,526415
KRITIIND,526423
WELTI,526431
ASMTEC,526433
PERFEPA,526435
VISIONCINE,526441
INDRANIB,526445
EUROLED,526468
WINSOMBR,526471
ELEFLOR,526473
SKYIND,526479
PHOENXINTL,526481
AARVINFRA,526488
RISHIROOP,526492
PROMACT,526494
STRGRENWO,526500
SYSTMTXC,526506
ALPINEHOU,526519
SANGHIIND,526521
WWALUM,526525
SFPIL,526532
SCANPGEOM,526544
CHOKSILA,526546
CCHHL,526550
SALGUTI,526554
LONTE,526568
MIDWEST,526570
ENTRINT,526574
TECHIN,526576
TPLPLAST,526582
WIMPLAST,526586
PHOTOQUP,526588
LIBERTSHOE,526596
LIPPISYS,526604
ELECTHERM,526608
BLUEDART,526612
EXPOGAS,526614
NATPLAS,526616
MFLINDIA,526622
AJWAFUN,526628
TEXELIN,526638
RAYALEMA,526640
MIRZAINT,526642
TFCILTD,526650
THAKDEV,526654
ARENTERP,526662
BIL,526666
KAMATHOTEL,526668
POLOHOT,526687
ECOPLAST,526703
ELEMARB,526705
ADARSHPL,526711
HPBL,526717
NICCOPAR,526721
NTCIND,526723
SANDESH,526725
GARNET,526727
GOLDIAM,526729
BRIGHTBR,526731
CORPOCO,526737
SHAWGELTIN,526739
PGFOILQ,526747
GRATEXI,526751
VELHO,526755
HOWARHO,526761
VALIANT,526775
DRAGARWQ,526783
MHSGRMS,526795
GREENPLY,526797
SEAMECLTD,526807
RAGHUNAT,526813
CHEVIOT,526817
DAICHI,526821
RAJINFRA,526823
SPICEISL,526827
CONFIPET,526829
SIPL,526839
ASHSI,526847
BANARBEADS,526849
AREXMIS,526851
BI,526853
ISFL,526859
RISHILASE,526861
JAINCO,526865
INTECCAP,526871
RAJGASES,526873
SIDDHEGA,526877
63MOONS,526881
SARLAPOLY,526885
MKTCREAT,526891
HFIL,526899
SONALAD,526901
PADMAIND,526905
21STCENMGM,526921
HRYNSHP,526931
ARUNIS,526935
TYROON,526945
LAOPALA,526947
STYLAMIND,526951
VENUSREM,526953
WOODSVILA,526959
TRANSFIN,526961
GUJCRAFT,526965
DHOOTIN,526971
CRIMSON,526977
SHBAJRG,526981
ASHOKRE,526983
URJAGLOBA,526987
ASHAPURMIN,527001
SHREEPAC,527005
GUJALKALI,530001
INDIACEM,530005
JKTYRE,530007
MANGCHEFER,530011
SIL,530017
JUBLPHARMA,530019
THEINVEST,530023
SAMYAKINT,530025
AADIIND,530027
SANTOSHF,530035
ACKNIT,530043
TITANSEC,530045
REALECO,530053
HRMNYCP,530055
YASHRAJC,530063
LORDSHOTL,530065
CSLFINANCE,530067
SANGHVIMOV,530073
SELAN,530075
FRSHTRP,530077
FAZE3Q,530079
PRADHIN,530095
ANUPAM,530109
RAJPACK,530111
PRIVISCL,530117
NATRAJPR,530119
SAMRATPH,530125
NPRFIN,530127
NILE,530129
UDAICEMENT,530131
AMCOIND,530133
OPTIEMUS,530135
KREONFIN,530139
KISAN,530145
VIJAYTX,530151
GARODCH,530161
KERALAYUR,530163
MONGIPA,530167
MOHITPPR,530169
DAULAT,530171
OSCARGLO,530173
ODYSSEY,530175
SPSINT,530177
RSCINT,530179
SURATEX,530185
ATHARVENT,530187
FUNDVISER,530197
THEMISMED,530199
KALLAM,530201
BRAWN,530207
FORINTL,530213
KINGSINFR,530215
NUTRICIRCLE,530219
SUBSM,530231
AUROLAB,530233
KJMCFIN,530235
SUVEN,530239
ARYAMAN,530245
BRIDGESE,530249
RAJTUBE,530253
KAYPOWR,530255
INTSTOIL,530259
GLOBALCA,530263
SAINIK,530265
SABOOBR,530267
SPCAPIT,530289
PAOS,530291
KOTHARIPRO,530299
PICCADIL,530305
CHAMANSEQ,530307
CHANDRAP,530309
KIMIABL,530313
HINDTIN,530315
GODAVARI,530317
PREMCO,530331
MUKESHB,530341
GENUSPOWER,530343
ASIANENE,530355
KBSINDIA,530357
SEAGOLD,530361
UGARSUGAR,530363
ORIENTBELL,530365
NRBBEARING,530367
VAMSHIRU,530369
NILA,530377
DBSTOCKBRO,530393
VINYOFL,530401
JINDCAP,530405
EPIC,530407
SUMEDHA,530419
KUWERIN,530421
CHOKSI,530427
ASHISHPO,530429
ADORFO,530431
SHIVAAGRO,530433
SIDDHA,530439
KIRANSY-B,530443
SUMERUIND,530445
RUNGTAIR,530449
VALSONQ,530459
SABOOSOD,530461
GSLSEC,530469
TINNARUBR,530475
VIKRAMTH,530477
STRATMONT,530495
AKCAPIT,530499
RELAXO,530517
VIRAT,530521
SHEETAL,530525
TERAI,530533
MANRAJH,530537
COSCO,530545
SHILPAMED,530549
PARACABLES,530555
NCLRESE,530557
EXPLICITFIN,530571
LADDERUP,530577
UYFINCORP,530579
EKAMLEA,530581
SWASTIKA,530585
PRIMAPLA,530589
TELECANOR,530595
CARNATIN,530609
STURDY,530611
GARGFUR,530615
SAMPRE,530617
AAIL,530621
VIPULORG,530627
ECORECO,530643
GOODLUCK,530655
GOYALASS,530663
ZENITHHE,530665
YORKEXP,530675
SUPREME,530677
PITHP,530683
LYKISLTD,530689
PRIMEPRO,530695
ZENLABS,530697
FLORATX,530705
GOWRALE,530709
JAGANLAM,530711
AJEL,530713
ASITCFIN,530723
NOVAPUB,530733
SUPERBAK,530735
OVOBELE,530741
INDOASIAF,530747
CORNE,530755
STERTOOLS,530759
INFRAIND,530777
DYNAMICP,530779
INLANPR,530787
CEEJAY,530789
SUNCITYSY,530795
SHGANEL,530797
ANNAINFRA,530799
BHAGIL,530803
BNRUDY,530809
KRBL,530813
REFNOL,530815
SSPDL,530821
DAIKAFFI,530825
CILSEC,530829
CLIOINFO,530839
SHRIBCL,530841
CUPID,530843
SUNSHIEL,530845
HIPOLIN,530853
GDLLEAS,530855
CHEMBOND,530871
CIFL,530879
ABVL,530881
SUCROSA,530883
ALKA,530889
NGIND,530897
ASIAPAK,530899
SAINDUS,530905
ERPSOFT,530909
JRFOODS,530915
RRSECUR,530917
REMSONSIND,530919
RAMSONS,530925
EUROASIA,530929
RAMINFO,530951
SUNILAGR,530953
DIANATEA,530959
VIKASECO,530961
IOC,530965
ALFAICA,530973
SKCIL,530977
INDIAHOME,530979
ROOPAIND,530991
SARTHAKGL,530993
UNIQUEO,530997
BALAMINES,530999
SWRNASE,531003
ARISE,531017
VISAGAR,531025
LIBORD,531027
JRELTD,531035
COMPEAU,531041
ZDHJERK,531043
NEELKAN,531049
VINTAGES,531051
OSWALOR,531065
CONTILI,531067
VIJSOLX,531069
SHRIKRISH,531080
ALANKIT,531082
NIHARINF,531083
UNITDCR,531091
OMINFRAL,531092
ISHANCH,531109
GOTHIPL,531111
BALUFORGE,531112
CEENIK,531119
PATELENG,531120
MENAMANI,531127
INANI,531129
GEMSI,531137
MEDICAMEQ,531146
ALICON,531147
DILIGENT,531153
EPSOMPRO,531155
ALFAVIO,531156
ORGCOAT,531157
CATVISION,531158
ABMKNO,531161
EMAMILTD,531162
KEMISTAR,531163
SKPSEC,531169
PRANAVSP,531172
SYSCHEM,531173
BLSINFOTE,531175
MEFCOMCAP,531176
HEMANG,531178
ARMANFIN,531179
TAVERNIER,531190
GAGANPO,531196
GLANCE,531199
SHILCTECH,531201
BRANDREAL,531203
TINEAGRO,531205
NUCLEUS,531209
COLINZ,531210
WELLNESS,531211
NLFL,531212
MANAPPURAM,531213
RTSPOWR,531215
COMFINTE,531216
MAYURFL,531221
ANJANI,531223
XTGLOBAL,531225
DECOMIC,531227
RANDER,531228
RASIELEC,531233
SCOOBEEDAY,531234
CITIPOR,531235
DHRUVCA,531237
SHAMROIN,531240
LINC,531241
PRIMAIN,531246
ANERI,531252
INDGELA,531253
OPTIFIN,531254
PARAGONF,531255
PRATIKSH,531257
ESHAMEDIA,531259
SUNEDISON,531260
PROGREXV,531265
VSTTILLERS,531266
B2BSOFT,531268
NIKKIGL,531272
RADHEDE,531273
KINETRU,531274
ELIXIR,531278
TRISHAKT,531279
PANKAJPO,531280
PGINDST,531281
CINDRELL,531283
NATPLASTI,531287
LEADFIN,531288
NATFIT,531289
ARTEFACT,531297
NUTECGLOB,531304
DHPIND,531306
RRIL,531307
AVAILFC,531310
INTCAPM,531314
HAVISHA,531322
JAYIND,531323
ROSELABS,531324
CHARMS,531327
KRETTOSYS,531328
VIKALPS,531334
ZYDUSWELL,531335
WINPRO,531337
MILESTONE,531338
BERVINL,531340
GUJINV,531341
CONCOR,531344
EASTRED,531346
PANACEABIO,531349
PEETISEC,531352
CHOICEIN,531358
SRAMSET,531359
GOLECHA,531360
PARAMONE,531364
THEBYKE,531373
CSURGSU,531380
ARIHANT,531381
HASTIFIN,531387
UPSURGE,531390
PADAMCO,531395
WOMENNET,531396
POLYCON,531397
SOURCENTRL,531398
GGAUTO,531399
ALMONDZ,531400
LWSKNIT,531402
ANSINDUS,531406
ALCHCORP,531409
RADIXIND,531412
KIRANPR,531413
NARPROP,531416
MEGACOR,531417
TNPL,531426
SHAKTIPUMP,531431
SYTIXSE,531432
SUNGOLD,531433
SAFFRON,531436
PWASML,531437
GOLDTECH,531439
VARDHMAN,531444
GRMOVER,531449
MOHITIND,531453
POLYLINK,531454
MINAXI,531456
CONTICON,531460
NOUVEAU,531465
DUKEOFS,531471
CYBELEIND,531472
CGVAK,531489
NAVKAR,531494
MADHUCON,531497
SYBLY,531499
RAJESHEXPO,531500
ESARIND,531502
MARIS,531503
INDERGR,531505
SKRABUL,531506
EVEREADY,531508
STEP2COR,531509
ORIENTTR,531512
VIKASPROP,531518
DESHRAK,531521
ACESOFT,531525
HATSUN,531531
ECOM,531533
RISHDIGA,531539
MAINFRA,531540
KOBO,531541
JINDWORLD,531543
SOMANYCERA,531548
JHACC,531550
RAGHUTOB,531552
DRL,531553
CORALFINAC,531556
AROMAENT,531560
SANJIVIN,531569
VASINFRA,531574
KMFBLDR,531578
BERYLSE,531582
RAP,531583
DEVINE,531585
BAMPSL,531591
GENPHARMA,531592
INCON,531594
CGCL,531595
FDC,531599
GOGIACAP,531600
GORANIN,531608
KGPETRO,531609
STARCOM,531616
COUNCODOS,531624
OROSMITHS,531626
TEJASSVI,531628
LINCOPH,531633
SILVOAK,531635
PRAVEG,531637
SURAJLTD,531638
SICL,531640
MARICO,531642
TOKYOFIN,531644
MAHAVIRIND,531648
NATGENI,531651
THIRDFIN,531652
HITTCO,531661
RRMETAL,531667
VISIONCO,531668
INANISEC,531672
ANKIN,531673
VAGHANI,531676
ARISINT,531677
MAYUR,531680
AMARDEE,531681
PRITHVIEXCH,531688
RAINBOWF,531694
TRICOMFRU,531716
VIDHIING,531717
BHAGCHEM,531719
PANCHSHEEL,531726
MENNPIS,531727
PRISMFN,531735
GREENCREST,531737
GENNEX,531739
HIRAUTO,531743
GINISILK,531744
PRAENG,531746
BIOGEN,531752
GKCONS,531758
APOLLOPIPES,531761
UNJHAFOR,531762
POLYMED,531768
KACHCHH,531778
KACL,531780
KCLINFRA,531784
ATULAUTO,531795
SCANPRO,531797
PRERINFRA,531802
METALCO,531810
GANGAPA,531813
TIRSARJ,531814
NUWAY,531819
MUNOTHFI,531821
RODIUM,531822
NATHUEC,531834
INDUSFINL,531841
LAHOTIOV,531842
TRINITYLEA,531846
ASTAR,531847
ORIRAIL,531859
JOINDRE,531861
BHARATAGRI,531862
UNITINT,531867
SACHEMT,531869
ANJANIFIN,531878
PIONDIST,531879
GMETCOAL,531881
SVAINDIA,531885
RAHME,531887
REXNORD,531888
KHANDSE,531892
SAWABUSI,531893
CCLINTER,531900
GALLOPENT,531902
CROISSANCE,531909
GALAGEX,531911
GOPAIST,531913
HINDAPL,531918
AGARIND,531921
DHAMPURE,531923
SHAQUAK,531925
GOLCA,531928
INNOCORP,531929
SARTHAKIND,531930
SAICAPI,531931
SERVOTEACH,531944
CHADPAP,531946
VERTEX,531950
RIBATEX,531952
SHREMETAL,531962
IITLPROJ,531968
HARIGOV,531971
CHLOGIST,531977
AMBIKCO,531978
HINDALUMI,531979
SENINFO,531980
SPECFOOD,531982
AMRAAGRI,531991
AUTOPINS,531994
ODYCORP,531996
INDCTST,532001
SAMINDUS,532005
SHVFL,532007
POOJAENT,532011
GRAVITY,532015
WELLESLEY,532016
LCCINFOTEC,532019
FILATFASH,532022
RBGUPTA,532024
SINDHUTRAD,532029
JAINSTUDIO,532033
UNISTRMU,532035
ZENOTECH,532039
HINDBIO,532041
FRONTCORP,532042
SWELECTES,532051
WALLFORT,532053
KDDL,532054
ADIEXRE,532056
ABHICAP,532057
KILPEST,532067
SUPRBPA,532070
MONIND,532078
SHKALYN,532083
SAGARPROD,532092
INDOCITY,532100
SBECSUG,532102
MEGFI,532105
BRIJLEAS,532113
BSELINFRA,532123
RELIABVEN,532124
BANKBARODA,532134
SMCREDT,532138
MOHITE,532140
ANDHRACEMT,532141
SKMEGGPROD,532143
WELCORP,532144
HOTLSILV,532145
BANKINDIA,532149
INDRAMEDCO,532150
JOHNPHARMA,532154
GAIL,532155
VAIBHAVGBL,532156
TRESCON,532159
GUJSTATFIN,532160
JKPAPER,532162
SAREGAMA,532163
MINOLTAF,532164
ADROITINFO,532172
CYBERTECH,532173
ICICIBANK,532174
CYIENT,532175
ENGINERSIN,532178
DHANBANK,532180
GMDCLTD,532181
GAYATRI,532183
INDUSINDBK,532187
ITDC,532189
J&KBANK,532209
CUB,532210
ARCHIES,532212
AXISBANK,532215
HBSTOCK,532216
SIELFNS,532217
SOUTHBANK,532218
ENERGYDEV,532219
SONATSOFTW,532221
BENGALT,532230
NATIONALUM,532234
INDNIPPON,532240
NSIL,532256
APARINDS,532259
ACCELYA,532268
ORCHASP,532271
HCLTECH,532281
TCFCFINQ,532284
GEOJITFSL,532285
JINDALSTEL,532286
BLBLIMITED,532290
GLENMARK,532296
WOCKPHARMA,532300
TATACOFFEE,532301
KJMCCORP,532304
INDSWFTLAB,532305
GEPIL,532309
SHREERAMA,532310
MAHLIFE,532313
VAARAD,532320
CADILAHC,532321
SHIVACEM,532323
CINEVISTA,532324
INTENTECH,532326
DANLAW,532329
AJANTPHARM,532331
HBPOR,532333
HBESD,532334
AMBICAAGAR,532335
COMPUSOFT,532339
OMNIAX,532340
IZMO,532341
TVSMOTOR,532343
SOFTSOL,532344
GATI,532345
SUBEX,532348
TCI,532349
PADMALAYAT,532350
AKSHOPTFBR,532351
TRIVENI,532356
MUKTAARTS,532357
NAGPI,532362
DSSL,532365
PNBGILTS,532366
BCG,532368
RAMCOIND,532369
RAMCOSYS,532370
TTML,532371
VIRINCHI,532372
WEPSOLN,532373
STLTECH,532374
TIPSINDLTD,532375
MRO-TEK,532376
FIRSTFIN,532379
BABA,532380
BALAJITELE,532382
TYCHE,532384
CALSOFT,532386
PNC,532387
IOB,532388
TAJGVK,532390
CREATIVEYE,532392
AXISCADES,532395
KONNDOR,532397
BSOFT,532400
USGTECH,532402
7TEC,532404
AVANTEL,532406
MOSCHIP,532407
MEGASOFT,532408
TRANSCOR,532410
VISESHINFO,532411
CEREBRAINT,532413
SMARTLINK,532419
GODREJCP,532424
GENUSPRIME,532425
BFUTILITIE,532430
UNITDSPR,532432
SANINFRA,532435
OLECTRA,532439
MPSLTD,532440
RAINBOWDQ,532441
CERA,532443
BHARTIARTL,532454
SHALIWIR,532455
COMPUAGE,532456
GULPOLY,532457
FAZE3AUTO,532459
PONNIERODE,532460
PNB,532461
OFSS,532466
HAZOOR,532467
KAMAHOLD,532468
MPFSL,532470
APTECHT,532475
UNIONBANK,532477
UBL,532478
ISMTLTD,532479
NOIDATOLL,532481
GRANULES,532482
CANBK,532483
BLIL,532485
POKARNA,532486
DIVISLAB,532488
ASTRAMICRO,532493
RADICO,532497
SHRIRAMCIT,532498
MARUTI,532500
RAJPALAYAM,532503
NAVINFLUOR,532504
UCOBANK,532505
BAGFILMS,532507
JSL,532508
SUPRAJIT,532509
TVSELECT,532513
IGL,532514
TVTODAY,532515
PALRED,532521
PETRONET,532522
BIOCON,532523
PTC,532524
MAHABANK,532525
RKFORGE,532527
DATAMATICS,532528
NDTV,532529
STAR,532531
JPASSOCIAT,532532
ULTRACEMCO,532538
MINDAIND,532539
TCS,532540
COFORGE,532541
GULFPETRO,532543
CENTURYPLY,532548
WELENT,532553
NTPC,532555
SALSTEEL,532604
JBMA,532605
DWARKESH,532610
INDOCO,532612
VIPCLOTHNG,532613
XCHANGING,532616
JETAIRWAYS,532617
MORARJEE,532621
JINDALPHOT,532624
PONDYOXIDE,532626
JPPOWER,532627
3IINFOTECH,532628
MBECL,532629
GOKEX,532630
ALLSEC,532633
IIFL,532636
MANGALAM,532637
SHOPERSTOP,532638
CYBERMEDIA,532640
NDL,532641
JSWHL,532642
JKCEMENT,532644
BEEYU,532645
YESBANK,532648
NECLIFE,532649
MSPL,532650
SPLIL,532651
KTKBANK,532652
MCLEODRUSS,532654
FACORALL,532656
IDFC,532659
VIVIMEDLAB,532660
RML,532661
HTMEDIA,532662
SASKEN,532663
FCSSOFT,532666
SUZLON,532667
AURIONPRO,532668
RENUKA,532670
KMSUGAR,532673
BASML,532674
PBAINFRA,532676
BRFL,532678
SORILINFRA,532679
AIAENG,532683
EKC,532684
KERNEX,532686
REPRO,532687
PVR,532689
RMCL,532692
PUNJLLOYD,532693
BARTRONICS,532694
CELEBRITY,532695
EDUCOMP,532696
NITINSPIN,532698
ROHLTD,532699
ENIL,532700
CELLA,532701
GSPL,532702
JAGRAN,532705
INOXLEISUR,532706
DYNPRO,532707
SADBHAV,532710
RCOM,532712
SAKUMA,532713
KEC,532714
GILLANDERS,532716
INDOTECH,532717
BLKASHYAP,532719
M&MFIN,532720
VISASTEEL,532721
NITCO,532722
MPDL,532723
SOLARINDS,532725
GALLANTT,532726
MALUPAPER,532728
UTTAMSUGAR,532729
SGL,532730
ROHITFERRO,532731
KKCL,532732
SUNTV,532733
GPIL,532734
RSYSTEMINT,532735
EMKAY,532737
TANTIACONS,532738
LOKESHMACH,532740
KAMDHENU,532741
PAUSHAKLTD,532742
GTNTEX,532744
INDICAP,532745
PFOCUS,532748
ALLCARGO,532749
GMRINFRA,532754
TECHM,532755
MAHINDCIE,532756
VOLTAMP,532757
ATLANTA,532759
DEEPENR,532760
HOVS,532761
ACE,532762
GEECEE,532764
RICHAIND,532766
GAYAPROJ,532767
FIEMIND,532768
JHS,532771
DCBBANK,532772
GLOBALVECT,532773
INSPIRISYS,532774
GTLINFRA,532775
SHIVAMAUTO,532776
NAUKRI,532777
TORNTPOWER,532779
PARSVNATH,532780
SUTLEJTEX,532782
DAAWAT,532783
SOBHA,532784
RUCHIRA,532785
TANLA,532790
ZEEMEDIA,532794
SITINET,532795
LUMAXTECH,532796
AUTOIND,532797
NETWORK18,532798
HUBTOWN,532799
TV18BRDCST,532800
CTE,532801
TIIL,532804
REDINGTON,532805
AICHAMP,532806
CINELINE,532807
PGIL,532808
FSL,532809
PFC,532810
AHLUCONT,532811
TFL,532812
CANDC,532813
INDIANB,532814
SMSPHARMA,532815
ORIENTALTL,532817
MINDTREE,532819
ELAND,532820
IDEA,532822
RAJTV,532826
PAGEIND,532827
AMDIND,532828
LEHAR,532829
ASTRAL,532830
IBREALEST,532832
CAMLINFINE,532834
ICRA,532835
DISHTV,532839
SAHYADRI,532841
SRHHYPOLTD,532842
FORTIS,532843
TGBHOTELS,532845
HILTON,532847
DELTACORP,532848
MIC,532850
INSECTICID,532851
MCDHOLDING,532852
ASAHISONG,532853
NITINFIRE,532854
HARYNACAP,532855
TIMETECHNO,532856
HGS,532859
NELCAST,532864
V2RETAIL,532867
DLF,532868
TARMAT,532869
ANKITMETAL,532870
SPARC,532872
HDIL,532873
ADSL,532875
ALPA,532878
SSLEL,532879
OMAXE,532880
REFEX,532884
CENTRALBK,532885
SELMCL,532886
ASIANTILES,532888
KPRMILL,532889
TAKE,532890
PURVA,532891
MOTILALOFS,532892
VTMLTD,532893
INDOWIND,532894
NAGREEKCAP,532895
MAGNUM,532896
POWERGRID,532898
KSCL,532899
PAISALO,532900
CCCL,532902
SUPREMEINF,532904
MAANALU,532906
IL&FSENGG,532907
PARLEIND,532911
RELIGARE,532915
BVCL,532916
RATHIBAR,532918
ADANIPORTS,532921
EDELWEISS,532922
RGL,532923
KOLTEPATIL,532924
KAUSHALYA,532925
JYOTHYLAB,532926
ECLERX,532927
TRIL,532928
BRIGADE,532929
BGRENERGY,532930
BURNPUR,532931
MANAKSIA,532932
PORWAL,532933
PPAP,532934
ARIES,532935
KUANTUM,532937
RPOWER,532939
JKIL,532940
CORDSCABLE,532941
KNRCON,532942
ONMOBILE,532944
SHRIRAMEPC,532945
BANG,532946
IRB,532947
GSS,532951
NAHARCAP,532952
VGUARD,532953
RECLTD,532955
AJRINFRA,532959
DHANI,532960
TWL,532966
KIRIINDUS,532967
SANKHYAIN,532972
BIRLAMONEY,532974
JAIBALAJI,532976
BAJAJ-AUTO,532977
BAJAJFINSV,532978
GOKUL,532980
RPGLIFE,532983
KTKSENSEX,532985
NIRAJ,532986
RBL,532987
RANEENGINE,532988
BAFNAPHARM,532989
CHLLTD,532992
SEJAL,532993
ARCHIDPLY,532994
LEHIL,532998
SOMICONV,533001
LGBFORGE,533007
LPDC,533012
SICAGEN,533014
SIMPLXMIL,533018
SIMPLXPAP,533019
20MICRONS,533022
WABCOINDIA,533023
ALKALI,533029
ISGEC,533033
IMFA,533047
VEDAVAAG,533056
MANJEERA,533078
MOLDTKPAC,533080
MHRIL,533088
EXCEL,533090
RAJOIL,533093
BENGALASM,533095
ADANIPOWER,533096
NHPC,533098
SURYAAMBA,533101
GLOBUSSPR,533104
OIL,533106
RNAVAL,533107
BTTL,533108
SPSL,533110
EXPLEOSOL,533121
RTNPOWER,533122
DEN,533137
ASTEC,533138
COX&KINGS,533144
DLINKINDIA,533146
JSWENERGY,533148
ESSARSEC,533149
GODREJPROP,533150
DBCORP,533151
MBLINFRA,533152
JUBLFOOD,533155
VASCONEQ,533156
THANGAMAYL,533158
DBREALTY,533160
EMMBI,533161
HATHWAY,533162
ARSSINFRA,533163
TEXMOPIPES,533164
SUNDARAM,533166
COROENGG,533167
ROSSELLIND,533168
MANINFRA,533169
TAMBOLI,533170
IL&FSTRANS,533177
PERSISTENT,533179
ISFT,533181
GOENKA,533189
KCPSUGIND,533192
KECL,533193
NEH,533202
TARAPUR,533203
SJVN,533206
JPINFRATEC,533207
EMAMIPAP,533208
KRITINUT,533210
GKB,533212
HMVL,533217
EMAMIREAL,533218
AHLEAST,533227
BAJAJCON,533229
PRAKASHSTL,533239
GPPL,533248
WELINV,533252
SASTASUNDR,533259
CAREERP,533260
EROSMEDIA,533261
RAMKY,533262
GREENPOWER,533263
GALLISPAT,533265
CANTABIL,533267
SEATV,533268
WABAG,533269
BEDMUTHA,533270
ASHOKA,533271
CEBBCO,533272
OBEROIRLTY,533273
PRESTIGE,533274
GAL,533275
COALINDIA,533278
GRAVITA,533282
RPPINFRA,533284
RDBRIL,533285
MOIL,533286
ZEELEARN,533287
KTIL,533289
A2ZINFRA,533292
KIRLOSENG,533293
PSB,533295
FMNL,533296
SURANASOL,533298
KICL,533302
BFINVEST,533303
SUMMITSEC,533306
INOVSYNTH,533315
STEL,533316
OMKARCHEM,533317
JUBLINDS,533320
TEXRAIL,533326
INDTERRAIN,533329
FCL,533333
DHUNINV,533336
ZENTEC,533339
LOVABLE,533343
PFS,533344
TCIDEVELOP,533393
MUTHOOTFIN,533398
FCONSUMER,533400
CNOVAPETRO,533407
VMS,533427
KARMAENG,533451
DELPHIFX,533452
RUSHIL,533470
ENKEIWHEL,533477
KRIINFRA,533482
INVENTURE,533506
L&TFH,533519
YAARI,533520
TREEHOUSE,533540
BROOKS,533543
RUPA,533552
TDPOWERSYS,533553
APLLTD,533573
VASWANI,533576
PGEL,533581
LESHAIND,533602
SETUINFRA,533605
RDBRL,533608
TIJARIA,533629
ONELIFECAP,533632
FLEXITUFF,533638
UJAAS,533644
TRITURBINE,533655
INDOTHAI,533676
ESSARSHPNG,533704
APLAPOLLO,533758
GPTINFRA,533761
FERVENTSYN,533896
THOMASCOTT,533941
TERASOFT,533982
PMCFIN,534060
FUTSOL,534063
AIML,534064
RHIM,534076
MCX,534091
PYXISFIN,534109
SCHNEIDER,534139
OLPCL,534190
NBCC,534309
MTEDUCARE,534312
HEXATRADEX,534328
MAXHEIGHTS,534338
TBZ,534369
VSSL,534392
LOOKS,534422
SPECIALITY,534425
LYPSAGEMS,534532
MASL,534563
RTNINDIA,534597
SEPOWER,534598
JTLINFRA,534600
AMTL,534612
NECCLTD,534615
WAAREERTL,534618
JUPITERIN,534623
VINAYAKPOL,534639
JOINTECAED,534659
DUCON,534674
PROZONINTU,534675
SRGHFL,534680
COMCL,534691
RCRL,534708
INTELLADV,534732
SUPREMEX,534733
VIRTUALG,534741
ZUARI,534742
STEELXIND,534748
TRIOMERC,534755
CIGNITI,534758
CDG,534796
CARERATING,534804
PCJEWELLER,534809
INDUSTOWER,534816
VMART,534976
NIBE,535136
MUKTA,535204
MYSTICELE,535205
COMFINCAP,535267
SBISENSEX,535276
BMAL,535279
REPCOHOME,535322
LAKHOTIA,535387
GCMSECU,535431
NIBL,535458
KIFS,535566
SREEL,535601
SHARDA,535602
BINNYMILLS,535620
SVGLOBAL,535621
SDC,535647
JUSTDIAL,535648
OONE,535657
IFINSEC,535667
BRAHMINFRA,535693
KHOOBSURAT,535730
ORIENTCEM,535754
ABFRL,535755
IBULHSGFIN,535789
MMLF,535910
ALSL,535916
GCMCOMM,535917
KUSHAL,536170
TIGERLOGS,536264
RJBIOTECH,536456
JK AGRI,536493
FLFL,536507
TRIMURTHI,536565
PVVINFRA,536659
VCU,536672
SRGSFL,536710
ACFSL,536737
STELLAR,536738
JPOLYINVST,536773
YURANUS,536846
INTELSOFT,536868
MOM100,536960
BPCAP,536965
CPL,536974
ICICINIFTY,537007
ICICINF100,537008
ARNOLD,537069
SUNLOC,537253
RCIIND,537254
SUYOG,537259
NATHBIOGEN,537291
AGRITECH,537292
CHEMTECH,537326
TAAZAINT,537392
NETFNIF100,537483
AGRIMONY,537492
VIAANINDUS,537524
DENISCHEM,537536
POLYMAC,537573
UNISHIRE,537582
LAXMIPATI,537669
ETT,537707
KOTAKNIFTY,537708
HANSUGAR,537709
KIRANVYPAR,537750
BCP,537766
KCSL,537784
RACE,537785
MANGIND,537800
VFL,537820
PHOENIXTN,537839
RAUNAQEPC,537840
INFRONICS,537985
CPSEETF,538057
JOONKTOLL,538092
RNBDENIMS,538119
GOLDLINE,538180
SHARPINV,538212
WONDERLA,538268
GCMCAPI,538319
AFEL,538351
INCREDIBLE,538365
WESTLEIRES,538382
NAM,538395
METSL,538401
SPS,538402
MONEYBOXX,538446
WORTH,538451
QUASAR,538452
TPROJECT,538464
AMARSEC,538465
CTL,538476
TARINI,538496
YAANENT,538521
OMANSH,538537
JTAPARIA,538539
BRPL,538546
ARMAN,538556
SKIPPER,538562
ADARSH,538563
JAMESWARREN,538564
VISTARAMAR,538565
APOLLOTRI,538566
GULFOILLUB,538567
FRUTION,538568
TRIVENIENT,538569
BHANDERI,538576
TRIVIKRAMA,538579
QUANTBUILD,538596
TTIENT,538597
VISHAL,538598
TOYAMIND,538607
GAJANANSEC,538609
UNISON,538610
RTFL,538611
VRL,538634
SNOWMAN,538635
QGO,538646
PURSHOTTAM,538647
HCLTD,538652
SHARDACROP,538666
SIROHIA,538667
NAYSAA,538668
CITYONLINE,538674
NETFSENSEX,538683
SHEMAROO,538685
ULTRACAB,538706
RCCL,538707
ETIL,538708
ATISHAY,538713
SUCHITRA,538714
DHABRIYA,538715
ARYACAPM,538716
PDSMFL,538730
HANMAN,538731
VGCL,538732
STARLIT,538733
CEINSYSTECH,538734
PANACHE,538742
MUDUNURU,538743
JSHL,538765
CRANEINFRA,538770
NIYOGIN,538772
ASIACAP,538777
AKASHDEEP,538778
CIL,538786
GBFL,538787
GILADAFINS,538788
BUDGE BUDGE,538789
JETINFRA,538794
SAPPL,538795
AANCHALISP,538812
CAPPIPES,538817
MEL,538834
INTELLECT,538835
MONTECARLO,538836
JSTL,538837
PANAFIC,538860
MYMONEY,538862
AMARNATH,538863
CSL,538868
NEXUSSURGL,538874
SELLWIN,538875
GALADAFIN,538881
EMERALD,538882
MKEXIM,538890
MCLOUD,538891
OCTAL,538894
MIHIKA,538895
KANCHI,538896
SHRINIWAS,538897
DHUNTEAIND,538902
VANICOM,538918
SKILVEN,538919
VINCOFE,538920
RAFL,538921
COSYN,538922
SOFCOM,538923
NAPL,538926
KARNAVATI,538928
ABHIFIN,538935
MERCANTILE,538942
SONAL,538943
ALFL,538952
GENUSPAPER,538961
MINDACORP,538962
MERCURYLAB,538964
CONCORD,538965
WARDINMOBI,538970
GRNLAMIND,538979
TALBROSENG,538987
SAPL,538992
JAYATMA,539005
PTCIL,539006
CHENFERRO,539011
MEGRISOFT,539012
GITARENEW,539013
STARHFL,539017
BEEKAY,539018
SSPNFIN,539026
SETFBSE100,539031
FRASER,539032
TTIL,539040
SVPHOUSING,539041
AGIIL,539042
BKMINDST,539043
MANAKSTELTD,539044
MNKALCOLTD,539045
MNKCMILTD,539046
IMAGICAA,539056
INOXWIND,539083
RAJPUTANA,539090
CITL,539091
AANANDALAK,539096
HKG,539097
FILTRA,539098
ATHCON,539099
NORTHLINK,539110
SHESHAINDS,539111
SAB,539112
PML,539113
ALAN SCOTT,539115
OPCHAINS,539116
SUJALA,539117
VRLLOG,539118
JAINMARMO,539119
BFFL,539120
PALCO,539121
BODHTREE,539122
SARVOTTAM,539124
MEP,539126
VEGETABLE,539132
UFO,539141
PANTH,539143
SHIVALIK,539148
ICSL,539149
PNCINFRA,539150
ARFIN,539151
HELPAGE,539174
HAWAENG,539176
AIIL,539177
POEL,539195
AEL,539196
DEVHARI,539197
CAPFIN,539198
MOONGIPASEC,539199
SATIA,539201
GVBL,539206
GARMNTMNTR,539216
SRESTHA,539217
SAUMYA,539218
MUL,539219
MISHKA,539220
SPORTKING,539221
GROWINGTON,539222
AMBITION,539223
HCKKVENTURE,539224
RUDRA,539226
LOYAL,539227
GGPL,539228
MRSS,539229
CHEMIESYNT,539230
BALKRISHNA,539251
SCFL,539252
SURYAINDIA,539253
ADANITRANS,539254
STARDELTA,539255
AMRAFIN,539265
DRHABEEB,539267
SYNGENE,539268
PECOS,539273
MSL,539275
KAYA,539276
ALSTONE,539277
SYMBIOX,539278
ORTINLAABS,539287
AVI,539288
AURUM,539289
BINDALAGRO,539290
OZONEWORLD,539291
AKSPINTEX,539300
ARVSMART,539301
POWERMECH,539302
CANOPYFIN,539304
RAMASTEEL,539309
THINKINK,539310
UTISENSETF,539312
UTINIFTETF,539313
UNIAUTO,539314
VETO,539331
NAVKARCORP,539332
SHREEPUSHK,539334
GUJGAS,539336
WAAREE,539337
SADBHIN,539346
SALAUTO,539353
POLYSPIN,539354
PRITIKAUTO,539359
SML,539378
KRISHNACAP,539384
ACME,539391
KCL,539393
VISHALBL,539398
BELLACASA,539399
MALLCOM,539400
PJL,539401
VAL,539402
ARAMBHAN,539403
SATIN,539404
DITCO,539405
SWAGTAM,539406
GENCON,539407
NEERAJ,539409
MUZALI,539410
TEJNAKSH,539428
INDOGLOBAL,539433
BRIPORT,539434
RFSL,539435
COFFEEDAY,539436
IDFCFIRSTB,539437
BEARDSELL,539447
INDIGO,539448
IGCIL,539449
SHK,539450
ARYAVAN,539455
TFSL,539468
PANORAMA,539469
SHREEGANES,539470
GTV,539479
LICNETFN50,539480
PARIKSHA,539481
LICNETFSEN,539487
TFLL,539488
GARBIFIN,539492
ADHARSHILA,539493
SMARTFIN,539494
RAJKOTINV,539495
ADCON,539506
QUINT,539515
HDFCNIFETF,539516
SXETF,539517
UDAYJEW,539518
MAYUKH,539519
NAVIGANT,539521
GROVY,539522
ALKEM,539523
LALPATHLAB,539524
SCTL,539526
CREATIVE,539527
AAYUSH,539528
ELITECON,539533
LUXIND,539542
VALLEY,539543
ABHIINFRA,539544
APOORVA,539545
BNL,539546
NH,539551
FMEC,539552
DDIL,539559
REMLIFE,539561
AARNAV,539562
ACEWIN,539570
SIPTL,539584
SHIVA,539593
MISHTANN,539594
JSLHISAR,539597
ORACLECR,539598
KEL,539599
CHAMAK,539600
BLUECLOUDS,539607
AINFRA,539620
BCLENTERPR,539621
AARCOM,539632
PRECAM,539636
BVL,539637
TEAMLEASE,539658
VIDLI,539659
BESTAGRO,539660
ACEMEN,539661
BFLAFL,539662
QUICKHEAL,539678
KAPILRAJ,539679
GANGAPHARM,539680
DAL,539681
SESL,539682
SHIVKAMAL,539683
KPEL,539686
IFINSER,539692
HILIKS,539697
GOKULAGRO,539725
FREDUN,539730
SIMBHALS,539742
RELICAB,539760
MODCL,539762
MNIL,539767
LICNFNHGP,539784
PDMJEPAPER,539785
HCG,539787
KDML,539788
UMIYA,539798
BHARATWIRE,539799
CHDCHEM,539800
INFIBEAM,539807
LELAVOIR,539814
MUDRA,539819
BALGOPAL,539834
SUPERIOR,539835
RPEL,539837
FRANKLIN,539839
LANCER,539841
NINSYS,539843
EQUITAS,539844
HALDER,539854
THYROCARE,539871
BAJAJHCARE,539872
UJJIVAN,539874
RSDFIN,539875
CROMPTON,539876
PILANIINVS,539883
DARSHANORNA,539884
PARAGMILK,539889
MADHAVIPL,539894
KOCL,539910
SNIM,539911
NAGARFERT,539917
SEIL,539921
LIKHAMI,539927
MIL,539938
YASHCHEM,539939
MAXVIL,539940
ICICINV20,539945
BAZELINTER,539946
JLL,539947
TAALENT,539956
MGL,539957
ZEAL,539963
QUESS,539978
DIGJAMLTD,539979
ICICIMCAP,539980
ASYL,539982
HUIL,539984
TITAANIUM,539985
COMSYN,539986
CFEL,539991
LLOYDSTEEL,539992
KPL,539997
LTI,540005
EASTWEST,540006
BSLSENETFG,540008
COLORCHIPS,540023
ADVENZYMES,540025
LAHL,540026
PTIL,540027
DBL,540047
SPAL,540048
BIGBLOC,540061
GOLDENCREST,540062
ECS,540063
FRETAIL,540064
RBLBANK,540065
AMS,540066
SHIVAEXPO,540072
BLS,540073
MITSU,540078
SPRAYKING,540079
NARAYANI,540080
RSTL,540082
SPICY,540084
VISCO,540097
TIAANC,540108
LTTS,540115
GNA,540124
RADHIKAJWE,540125
SIIL,540132
ICICIPRULI,540133
IISL,540134
ARCFIN,540135
HPL,540136
SAGARSOFT,540143
DRA,540144
VALIANTORG,540145
ACML,540146
SHASHIJIT,540147
BINDALEXPO,540148
MHEL,540150
DIKSAT,540151
ENDURANCE,540153
IDFSENSEXE,540154
PURPLE,540159
SUPRAP,540168
PNBHOUSING,540173
SOUTHERNIN,540174
REGENCY,540175
VBL,540180
SALEM,540181
FRANKLININD,540190
LKPSEC,540192
OSIAJEE,540198
CMBL,540199
SFL,540203
EIKO,540204
AVL,540205
TMRVL,540210
SIFL,540211
TCIEXP,540212
LAURUSLABS,540222
NEWLIGHT,540243
VSL,540252
MTPL,540254
SHANGAR,540259
GLCL,540266
DHANVARSHA,540268
SKL,540269
RAIDEEPIND,540270
PRICOLLTD,540293
CFL,540310
JITFINFRA,540311
SUERYAAKNI,540318
TANVI,540332
RMC,540358
PARMAX,540359
LLFICL,540360
DANUBE,540361
RADIOCITY,540366
DMART,540376
IFL,540377
ONTIC,540386
SMLT,540393
CHEMCRUX,540395
MANOMAY,540396
MAXIMUS,540401
MANAS,540402
CLEDUCATE,540403
PRIMEFRESH,540404
OCEANIC,540405
OCTAWARE,540416
SHANKARA,540425
ESCORP,540455
PARMSILK,540467
KMSMEDI,540468
STARLENT,540492
SCHAND,540497
KANUNGO,540515
MEERA,540519
HUDCO,540530
PSPPROJECT,540544
BGJL,540545
YUG,540550
VARIMAN,540570
STARCEMENT,540575
RIDDHICORP,540590
HEOFDG1126,540591
HEOFDD1126,540592
HEOFRG1126,540593
HEOFRD1126,540594
TEJASNET,540595
ERIS,540596
GTPL,540602
AUBANK,540611
ICICILOVOL,540612
GEL,540613
GGENG,540614
7NR,540615
BHAGYAPROP,540621
HEOFDG1100,540634
HEOFDD1100,540635
HEOFRG1100,540636
HEOFRD1100,540637
SALASAR,540642
GANGESSEC,540647
PALASHSEC,540648
AVADHSUGAR,540649
MAGADHSUGAR,540650
JIGAR,540651
CTCL,540652
SINTEXPLAST,540653
GSTL,540654
UTINEXT50,540669
SIS,540673
COCHINSHIP,540678
SMSLIFE,540679
KIOCL,540680
CHOTHANI,540681
SMRUTHIORG,540686
ABCAPITAL,540691
APEX,540692
SHISHIND,540693
ANG,540694
DWL,540695
DIXON,540699
BRNL,540700
DCAL,540701
LASA,540702
PROCLB,540703
MATRIMONY,540704
RELHOME,540709
CAPACITE,540710
SAGAR,540715
ICICIGI,540716
PQIF,540717
AKM,540718
SBILIFE,540719
DIAMONDYD,540724
SHAREINDIA,540725
TTFL,540726
POOJA,540727
SAYAJIIND,540728
VANTABIO,540729
MEHAI,540730
IRIS,540735
SGRL,540737
STL,540738
GODREJAGRO,540743
MASFIN,540749
IEX,540750
GICRE,540755
KAARYAFSL,540756
SCPL,540757
TIINDIA,540762
NAM-INDIA,540767
MAHLOG,540768
NIACL,540769
IFGLEXPOR,540774
KHADIM,540775
5PAISA,540776
HDFCLIFE,540777
NIVBDDP,540778
NIVBDGP,540779
NIVBDP,540780
NIVBGP,540781
SBRANDS,540782
SHARIKA,540786
ICICIB22,540787
ASPIRA,540788
DNAMEDIA,540789
DYNAMIC,540795
RATNABHUMI,540796
SHALBY,540797
FSC,540798
MRCEXIM,540809
DML,540811
SADHNA,540821
VITESSE,540823
ASTRON,540824
CHANDRIMA,540829
RITHWIKFMS,540843
JFL,540850
7SEASL,540874
APOLLO,540879
NEWGEN,540900
PRAXIS,540901
AMBER,540902
TIRUFOAM,540904
SRUSTEELS,540914
AML,540923
GALAXYSURF,540935
GGL,540936
MEDICO,540937
GUJHYSPIN,540938
LAL,540952
KENVI,540953
IWP,540954
TDSL,540955
BHATIA,540956
SHIVAMILLS,540961
ASTERDM,540975
YSL,540980
KTINDF4RG,540981
KTINDF4RD,540982
KTINDF4DG,540983
KTINDF4DD,540984
KANCOTEA,541005
ANGEL,541006
HGINFRA,541019
EIS,541053
AXISCBD1D,541068
AXISCBDGG,541069
AXISCBDPD,541070
AXISCBGPG,541071
INFLAME,541083
BPLPHARMA,541096
SHREESHAY,541112
ACFL,541133
BDL,541143
ACTIVE,541144
RIDINGS,541151
GOYALALUM,541152
BANDHANBNK,541153
HAL,541154
KBCGLOBAL,541161
SANDHAR,541163
YASHO,541167
BENARA,541178
ISEC,541179
MIDHANI,541195
LEX,541196
OBCL,541206
TRL,541228
LEMONTREE,541233
CHEMFABALKA,541269
HARDWYN,541276
DLCL,541299
ORIENTELEC,541301
DHRUV,541302
AKSHAR,541303
INDOUS,541304
ICICI500,541313
INDOSTAR,541336
MILEFUR,541337
UHZAVERI,541338
PARVATI,541347
MEGASTAR,541352
INNOVATORS,541353
SHWL,541358
ZIMLAB,541400
AFFORDABLE,541402
DOLLAR,541403
NGIL,541418
PALMJEWELS,541444
WAA,541445
ADANIGREEN,541450
UNICK,541503
SOLARA,541540
RITES,541556
FINEORG,541557
VARROC,541578
RAJNISH,541601
STRAEXPO,541633
RAWEDGE,541634
IPRU3143,541672
IPRU3144,541673
IPRU9345,541674
IPRU9346,541675
TCNSBRANDS,541700
SUPERSHAKT,541701
ASHNI,541702
GFIL,541703
HDFCAMC,541729
VIVANTA,541735
TINNATFL,541741
CREDITACC,541770
AMINTAN,541771
DEEP,541778
SMEL,541799
IPRU3168,541804
IPRU3169,541805
IPRU9370,541806
IPRU9371,541807
ICICINXT50,541809
ASRL,541865
SPACEINCUBA,541890
SGIL,541929
RANJEET,541945
IRCON,541956
SKYGOLD,541967
SETFSN50,541972
MACH,541973
MANORAMA,541974
INNOVATIVE,541983
NIOSAG,541984
NIOSAD,541985
NIOSADG,541986
NIOSADD,541987
AAVAS,541988
GENERAAGRI,541999
DCL,542002
GRSE,542011
AAL,542012
DOLFIN,542013
SHUBHAM,542019
AKI,542020
SUNRETAIL,542025
SMGOLD,542034
VIVIDM,542046
BCPL,542057
ATGL,542066
NETRIPPLES,542117
PHOSPHATE,542123
MAN50ETF,542131
TECHNOE,542141
RONI,542145
SKIFL,542146
DGL,542155
ARYAN,542176
NIVAKA,542206
DALBHARAT,542216
ABSLNN50ET,542230
NILASPACES,542231
SRD,542232
TREJHARA,542233
AXISCCDID,542244
AXISCCDGG,542245
AXISCCDPD,542246
AXISCCGPG,542247
DECCAN,542248
AXITA,542285
KPIGLOBAL,542323
HIKLASS,542332
RPSGVENT,542333
SPENCER,542337
GLOSTERLTD,542351
XELPMOC,542367
SPACAPS,542376
AARSHYAM,542377
RITCO,542383
CHALET,542399
ANMOL,542437
JONJUA,542446
KRANTI,542459
ANUP,542460
ARVINDFASN,542484
UTISXN50,542513
AIHL,542524
AGOL,542579
AARTECH,542580
HBEL,542592
MSTC,542597
ROOPSHRI,542599
CHANDNIMACH,542627
NSL,542628
RVNL,542649
METROPOLIS,542650
KPITTECH,542651
POLYCAB,542652
VRFILMS,542654
VIKASLIFE,542655
NEOGEN,542665
GKP,542666
WORL,542667
EVANS,542668
BMW,542669
AEPL,542670
MAHESH,542677
CHCL,542678
DEL,542679
HARISH,542682
PPL,542684
DGCONTENT,542685
PARSHVA,542694
ARL,542721
EARUM,542724
SBC,542725
INDIAMART,542726
CPML,542727
SKIEL,542728
DCMNVL,542729
ICICIBANKN,542730
NETFSNX150,542747
AFFLE,542752
SEACOAST,542753
ICICIBANKP,542758
SPANDANA,542759
SWSOLAR,542760
ALPHALOGIC,542770
NOVATEOR,542771
IIFLWAM,542772
IIFLSEC,542773
APMFINVEST,542774
MISQUITA,542801
GALACTICO,542802
ELLORATRAD,542803
NIESSPJ,542804
NIESSPI,542805
NIESSPB,542806
NIESSPO,542807
NIESSPC,542808
NIESSPP,542809
NIESSPA,542810
NIESSPG,542811
FLUOROCHEM,542812
NIEHSPA,542813
NIEHSPB,542814
NIEHSPC,542815
NIEHSPF,542816
NIEHSPI,542817
NIEHSPK,542818
NIEHSPM,542819
NIEHSPN,542820
IRCTC,542830
NIESSPD,542836
NIESSPE,542837
NIESSPF,542838
NIEHSPD,542839
NIESSPH,542840
NIEHSPE,542841
NIESSPK,542842
NIEHSPG,542843
NIEHSPH,542844
NIEHSPJ,542845
NIEHSPL,542846
NIESSPL,542847
NIESSPM,542848
NIESSPN,542849
GOBLIN,542850
GENSOL,542851
VISHWARAJ,542852
GREENPANEL,542857
SHAHLON,542862
ABSLBANETF,542863
MOUNT,542864
ANUROOP,542865
JSGLEASING,542866
CSBBANK,542867
UJJIVANSFB,542904
SHIL,542905
EASUN,542906
PRINCEPIPE,542907
ASSAMENT,542911
GIANLIFE,542918
ARTEMISMED,542919
SUMICHEM,542920
ICICIM150,542921
MANXT50ETF,542922
JANUSCORP,542924
BIRLATYRES,542932
UNIVPHOTO,542933
CBPL,542934
ICLORGANIC,542935
OCTAVIUSPL,542938
SUVENPHAR,543064
SMAUTO,543065
SBICARD,543066
08MPD,543144
08ADR,543145
08MPR,543146
08AMD,543147
08AMR,543148
08BPB,543149
08GPG,543150
08ABB,543151
08QPD,543152
08AGG,543153
08QPR,543154
08AQD,543155
08DPD,543156
08AQR,543168
08DPR,543169
08ADD,543170
ROJL,543171
COSPOWER,543172
11DPR,543173
11GPG,543174
11MPD,543175
11MPR,543176
11QPD,543177
11QPR,543178
11ADD,543179
11ADR,543180
11AGG,543181
11AMD,543182
11AMR,543183
11AQD,543184
11AQR,543185
11DPD,543186
POWERINDIA,543187
DJML,543193
NATURAL,543207
BHARTIA,543208
BILLWIN,543209
AARTISURF,543210
BONLON,543211
BOROLTD,543212
ROSSARI,543213
NDRAUTO,543214
SBGLP,543218
ICICIALPLV,543219
MAXHEALTH,543220
ICICITECH,543221
MAXINDIA,543223
HBANKETF,543224
UTIBANKETF,543226
HAPPSTMNDS,543227
ROUTE,543228
SAMRATFORG,543229
ADVAIT,543230
ADL,543231
CAMS,543232
CHEMCON,543233
SECMARK,543234
ANGELONE,543235
ATAM,543236
MAZDOCK,543237
UTIAMC,543238
GMPL,543239
LIKHITHA,543240
VGIL,543241
HEMIPROP,543242
EQUITASBNK,543243
SHINEFASH,543244
GLAND,543245
MAESGETF,543246
BURGERKING,543248
TARC,543249
RVHL,543251
FAIRCHEMOR,543252
BECTORFOOD,543253
AWHCL,543254
INFRABEES,543255
RFLL,543256
IRFC,543257
INDIGOPNTS,543258
HOMEFIRST,543259
STOVEKRAFT,543260
MRP,543262
SMCGLOBAL,543263
NURECA,543264
RAILTEL,543265
HERANBA,543266
DAVANGERE,543267
MTARTECH,543270
JUBLINGREA,543271
EASEMYTRIP,543272
KMEW,543273
SUUMAYA,543274
ANURAS,543275
CRAFTSMAN,543276
LXCHEM,543277
KALYANKJIL,543278
SURYODAY,543279
NAZARA,543280
SUVIDHAA,543281
BARBEQUE,543283
EKI,543284
RCAN,543285
JETMALL,543286
LODHA,543287
DEEPIND,543288
MAFANG,543291
ICICIPHARM,543292
IWEL,543297
VINEETLAB,543298
SHYAMMETL,543299
SONACOMS,543300
NAVODAYENT,543305
DODLA,543306
KIMS,543308
ADESHWAR,543309
TIMESGREEN,543310
IPL,543311
FOCUS,543312
GRINFRA,543317
CLEAN,543318
AAPLUSTRAD,543319
ZOMATO,543320
TATVA,543321
GLS,543322
MAFSETF,543323
GCSL,543324
ROLEXRINGS,543325
ICICIFMCG,543326
EXXARO,543327
KRSNAA,543328
WINDLAS,543329
DEVYANI,543330
MOL,543331
MFL,543332
CARTRADE,543333
NUVOCO,543334
APTUS,543335
CHEMPLASTS,543336
SHARPLINE,543341
AASHKA,543346
AXISTECETF,543347
AXISHETF,543348
AMIORG,543349
VIJAYA,543350
POBS,543352
AXISCETF,543357
SANSERA,543358
PREVEST,543363
MTCL,543364
MASPTOP50,543365
SBLI,543366
PARAS,543367
GETALONG,543372
SVRL,543373
ABSLAMC,543374
PROMAX,543375
SAMOR,543376
ADISHAKTI,543377
ICICICONSU,543383
NYKAA,543384
FINOPB,543386
SJS,543387
DSPNEWETF,543388
SIGACHI,543389
POLICYBZR,543390
SGFRL,543391
PAYTM,543396
SAPPHIRE,543397
LATENTVIEW,543398
TARSONS,543399
OMNIPOTENT,543400
GOCOLORS,543401
DMR,543410
HITECH,543411
STARHEALTH,543412
TEGA,543413
MAHKTECH,543414
ANANDRATHI,543415
ZODIAC,543416
RATEGAIN,543417
SHRIRAMPPS,543419
JETFREIGHT,543420
MAPMYINDIA,543425
METROBRAND,543426
MEDPLUS,543427
DATAPATTNS,543428
HPAL,543433
SUPRIYA,543434
CLARA,543435
MONQ50,543437
DSPQ50ETF,543438
BRANDBUCKT,543439
DSPN50ETF,543440
CMSINFO,543441
ICICISENSX,555555
TATAMTRDVR,570001
FELDVR,570002
JISLDVREQS,570004
SCAPDVR,570005
KARURVYSYA,590003
TIDEWATER,590005
AMRUTANJAN,590006
XPROINDIA,590013
HISARMET,590018
BHARATRAS,590021
EASTSILK,590022
FACT,590024
GINNIFILA,590025
SPIC,590030
DENORA,590031
KAVVERITEL,590041
SAKSOFT,590051
SALONACOT,590056
EQUIPPP,590057
ANDHRSUGAR,590062
IMPAL,590065
KCP,590066
KHAITANLTD,590068
RADAAN,590070
SUNDARMFIN,590071
SUNDRMBRAK,590072
WHEELS,590073
LAMBODHARA,590075
MAITHANALL,590078
LOHIASEC,590082
ORISSAMINE,590086
NIFTYBEES,590103
JUNIORBEES,590104
BANKBEES,590106
KOTAKPSUBK,590107
PSUBNKBEES,590108
SHARIABEES,590109
QNIFTY,590110
MOM50,590115
ASHIKACR,590122
MADRASFERT,590134
KOTAKBKETF,590136
SETFNIFBK,590137
SETFNIF50,590138
VISVENL-RE,750687
SHIVAM-RE,750688
BNRSEC-RE,750689
BEARD-RE,750690
HASJUICE,780014
WEBSL,780016
ADHIRAJ,780018
